rank,team,GP,W,L,OTL,PTS,GF,GA,xGF,xGA,SF,SA,PP_xGF,PK_xGA,PEN,GD,xGD,xG%,Pts/GP
1,brazil,82,58,24,6,122,276,189,272.4793,221.8266,2162,2242,90.8163,87.6725,573,87,50.65270000000001,0.5512,1.488
2,netherlands,82,54,28,6,114,243,174,242.4986,201.8032,2124,2018,97.2117,70.0431,456,69,40.69540000000001,0.5458,1.39
3,peru,82,52,30,8,112,256,178,244.5499,214.93359999999998,2311,2001,86.2337,75.4569,511,78,29.616300000000024,0.5322,1.366
4,thailand,82,50,32,7,107,294,248,294.7369,221.6617,2346,2127,96.8031,81.6936,575,46,73.0752,0.5708,1.305
5,pakistan,82,49,33,8,106,263,212,284.7034,233.462,2457,1988,91.6624,94.1776,656,51,51.2414,0.5494,1.293
6,india,82,49,33,6,104,221,193,239.3359,237.9323,2373,2208,84.0485,72.8993,458,28,1.4036000000000115,0.5015,1.268
7,china,82,47,35,7,101,239,193,255.917,220.9786,2156,2187,81.7938,74.2914,465,46,34.9384,0.5366,1.232
8,iceland,82,46,36,9,101,238,209,230.0624,248.6737,2074,2297,70.7881,90.6655,584,29,-18.6113,0.4806,1.232
9,panama,82,46,36,9,101,255,213,257.4552,241.3937,2235,2174,89.5159,76.1531,451,42,16.061499999999995,0.5161,1.232
10,philippines,82,43,39,13,99,198,186,213.5851,236.1342,2100,2160,78.9817,66.2149,442,12,-22.54909999999998,0.4749,1.207
11,ethiopia,82,43,39,12,98,267,247,239.41989999999998,262.6881,2192,2441,81.1142,91.4371,592,20,-23.268200000000036,0.4768,1.195
12,singapore,82,40,42,14,94,255,269,257.0207,299.9845,2289,2553,94.5129,113.252,588,-14,-42.96380000000005,0.4614,1.146
13,guatemala,82,42,40,8,92,231,236,255.68800000000002,232.81,2370,2470,86.4092,85.4007,547,-5,22.878000000000014,0.5234,1.122
14,uk,82,39,43,13,91,244,211,276.3125,240.00140000000002,2272,2107,96.473,67.7809,409,33,36.31109999999998,0.5352,1.11
15,vietnam,82,39,43,12,90,223,257,225.7784,272.0162,2067,2177,78.5639,105.8285,564,-34,-46.23780000000002,0.4536,1.098
16,indonesia,82,41,41,8,90,221,210,215.9004,238.3377,2158,2091,88.3409,62.8305,414,11,-22.437300000000022,0.4753,1.098
17,serbia,82,41,41,6,88,269,264,277.2881,264.1742,2455,2500,94.618,90.4731,523,5,13.113900000000001,0.5121,1.073
18,uae,82,38,44,12,88,202,250,211.3954,242.3641,1951,2345,84.6874,84.6923,487,-48,-30.968700000000013,0.4659,1.073
19,mexico,82,38,44,11,87,236,253,263.9575,222.7647,2377,2145,90.3746,84.8358,596,-17,41.19279999999998,0.5423,1.061
20,south_korea,82,39,43,8,86,288,302,259.8572,251.2013,2460,2131,84.2302,105.5314,655,-14,8.655899999999974,0.5085,1.049
21,new_zealand,82,40,42,6,86,219,226,241.2646,238.3313,2175,1967,87.0005,93.5907,557,-7,2.9333000000000027,0.5031,1.049
22,saudi_arabia,82,39,43,7,85,195,205,218.9647,230.9676,1947,2146,79.0959,72.359,491,-10,-12.002900000000011,0.4867,1.037
23,morocco,82,37,45,11,85,249,269,249.5033,243.6248,2360,2473,86.8669,79.9078,490,-20,5.8785000000000025,0.506,1.037
24,france,82,37,45,11,85,241,265,266.6524,234.1395,2250,2041,103.2454,67.0433,446,-24,32.5129,0.5325,1.037
25,canada,82,36,46,11,83,222,265,241.1339,233.5842,2208,2092,84.1397,77.7409,485,-43,7.549700000000001,0.508,1.012
26,switzerland,82,36,46,9,81,201,229,205.292,237.382,2093,2195,79.0327,98.6196,602,-28,-32.09,0.4638,0.988
27,usa,82,35,47,10,80,240,287,247.3928,281.6973,2171,2400,83.4302,111.2313,632,-47,-34.30449999999999,0.4676,0.976
28,germany,82,36,46,6,78,253,274,239.1072,253.0021,2052,2109,84.2353,78.7308,456,-21,-13.894900000000007,0.4859,0.951
29,oman,82,35,47,7,77,241,283,244.9371,279.4926,2176,2287,75.7394,125.0971,754,-42,-34.555499999999995,0.4671,0.939
30,rwanda,82,30,52,8,68,202,265,223.8094,256.1218,2126,2150,68.3419,116.64750000000001,670,-63,-32.3124,0.4663,0.829
31,mongolia,82,27,55,13,67,179,244,187.599,268.497,2018,2314,71.7864,90.9082,534,-65,-80.89800000000002,0.4113,0.817
32,kazakhstan,82,30,52,6,66,193,248,209.8053,231.4215,1986,1955,84.4001,70.8586,419,-55,-21.61620000000002,0.4755,0.805
