rank,team,first_line_xg60,second_line_xg60,disparity_ratio,first_xg_total,second_xg_total
1,usa,0.04549,0.03311,1.3741,81.27,58.144
2,uae,0.03294,0.02406,1.3693,62.693,45.696
3,guatemala,0.04649,0.03414,1.3615,85.135,62.006
4,saudi_arabia,0.03686,0.02718,1.3563,70.48,51.192
5,iceland,0.04325,0.03242,1.3342,77.987,57.803
6,france,0.04244,0.03183,1.3334,79.18,58.262
7,singapore,0.04408,0.03516,1.254,80.485,63.801
8,new_zealand,0.03998,0.03235,1.2362,72.189,58.305
9,panama,0.04228,0.03508,1.2051,78.796,64.787
10,rwanda,0.039,0.03243,1.2027,69.072,57.032
11,peru,0.03936,0.03293,1.1952,75.46,62.55
12,india,0.04021,0.03405,1.1808,75.42,64.167
13,uk,0.04533,0.03911,1.1592,87.055,72.552
14,south_korea,0.04556,0.04061,1.1219,80.747,70.586
15,serbia,0.04695,0.04195,1.1192,84.046,73.534
16,netherlands,0.0352,0.03156,1.1153,67.514,59.958
17,mexico,0.04246,0.04013,1.0581,78.226,73.126
18,mongolia,0.02735,0.02622,1.0433,50.894,47.005
19,china,0.04118,0.03967,1.0381,79.637,74.236
20,pakistan,0.04932,0.04777,1.0323,87.171,83.532
21,philippines,0.03068,0.03029,1.013,61.014,59.317
22,canada,0.03925,0.0391,1.0038,74.017,70.476
23,morocco,0.03825,0.03826,0.9997,73.314,71.482
24,oman,0.04154,0.04156,0.9995,72.301,72.962
25,kazakhstan,0.02764,0.0277,0.9979,52.867,51.985
26,brazil,0.04483,0.04554,0.9843,81.027,81.737
27,thailand,0.04684,0.04772,0.9815,86.343,86.283
28,indonesia,0.03041,0.03159,0.9626,57.44,58.088
29,germany,0.03647,0.03806,0.9581,67.504,69.394
30,vietnam,0.03368,0.03567,0.9443,61.786,64.853
31,ethiopia,0.03729,0.04146,0.8994,68.171,72.676
32,switzerland,0.02818,0.03206,0.8791,52.567,58.432
