rank,team,first_line_raw_xg60,second_line_raw_xg60,raw_disparity_ratio,first_line_adj_xg60,second_line_adj_xg60,adj_disparity_ratio,first_xg_total,second_xg_total,first_adj_xg_total,second_adj_xg_total,first_toi,second_toi
1,usa,0.04537,0.03325,1.3643,0.04549,0.03311,1.3741,81.27,58.144,81.494,57.887,107480.5,104909.2
2,uae,0.03304,0.02438,1.3552,0.03294,0.02406,1.3693,62.693,45.696,62.511,45.096,113847.3,112458.0
3,guatemala,0.04645,0.03427,1.3556,0.04649,0.03414,1.3615,85.135,62.006,85.196,61.782,109959.1,108566.0
4,saudi_arabia,0.03717,0.02728,1.3628,0.03686,0.02718,1.3563,70.48,51.192,69.89,51.005,113760.4,112605.9
5,iceland,0.0429,0.0324,1.3241,0.04325,0.03242,1.3342,77.987,57.803,78.623,57.834,109065.6,107036.7
6,france,0.04238,0.03163,1.34,0.04244,0.03183,1.3334,79.18,58.262,79.302,58.642,112104.2,110535.2
7,singapore,0.04357,0.03472,1.255,0.04408,0.03516,1.254,80.485,63.801,81.435,64.607,110835.7,110264.7
8,new_zealand,0.04029,0.03289,1.2251,0.03998,0.03235,1.2362,72.189,58.305,71.635,57.34,107495.4,106366.4
9,panama,0.0422,0.03519,1.199,0.04228,0.03508,1.2051,78.796,64.787,78.952,64.582,112040.1,110449.4
10,rwanda,0.03873,0.03246,1.1931,0.039,0.03243,1.2027,69.072,57.032,69.562,56.978,107007.0,105418.8
11,peru,0.03955,0.03302,1.1978,0.03936,0.03293,1.1952,75.46,62.55,75.111,62.397,114488.8,113674.8
12,india,0.04014,0.0344,1.1668,0.04021,0.03405,1.1808,75.42,64.167,75.545,63.51,112740.1,111915.4
13,uk,0.04514,0.03872,1.1658,0.04533,0.03911,1.1592,87.055,72.552,87.42,73.275,115712.7,112425.7
14,south_korea,0.04515,0.0408,1.1066,0.04556,0.04061,1.1219,80.747,70.586,81.474,70.254,107308.1,103808.0
15,serbia,0.04656,0.04189,1.1114,0.04695,0.04195,1.1192,84.046,73.534,84.751,73.629,108306.0,105313.0
16,netherlands,0.03558,0.03195,1.1138,0.0352,0.03156,1.1153,67.514,59.958,66.792,59.236,113849.1,112610.6
17,mexico,0.04253,0.04015,1.0591,0.04246,0.04013,1.0581,78.226,73.126,78.102,73.081,110369.4,109271.4
18,mongolia,0.02738,0.02619,1.0455,0.02735,0.02622,1.0433,50.894,47.005,50.845,47.058,111536.5,107701.9
19,china,0.0416,0.03955,1.0518,0.04118,0.03967,1.0381,79.637,74.236,78.83,74.452,114861.4,112620.3
20,pakistan,0.04943,0.04776,1.0349,0.04932,0.04777,1.0323,87.171,83.532,86.975,83.552,105813.4,104933.1
21,philippines,0.03057,0.03056,1.0004,0.03068,0.03029,1.013,61.014,59.317,61.228,58.787,119737.7,116453.6
22,canada,0.03939,0.03898,1.0106,0.03925,0.0391,1.0038,74.017,70.476,73.748,70.699,112738.8,108486.7
23,morocco,0.03848,0.03852,0.999,0.03825,0.03826,0.9997,73.314,71.482,72.865,70.992,114302.5,111332.8
24,oman,0.041,0.04174,0.9824,0.04154,0.04156,0.9995,72.301,72.962,73.255,72.656,105801.6,104888.3
25,kazakhstan,0.02781,0.02777,1.0016,0.02764,0.0277,0.9979,52.867,51.985,52.545,51.861,114056.8,112334.4
26,brazil,0.04471,0.04562,0.98,0.04483,0.04554,0.9843,81.027,81.737,81.248,81.597,108743.0,107499.0
27,thailand,0.04715,0.04826,0.9769,0.04684,0.04772,0.9815,86.343,86.283,85.773,85.317,109874.0,107264.8
28,indonesia,0.03006,0.03131,0.96,0.03041,0.03159,0.9626,57.44,58.088,58.108,58.605,114647.1,111305.8
29,germany,0.03613,0.03779,0.956,0.03647,0.03806,0.9581,67.504,69.394,68.139,69.892,112102.1,110169.2
30,vietnam,0.03342,0.03538,0.9447,0.03368,0.03567,0.9443,61.786,64.853,62.256,65.374,110912.3,109978.0
31,ethiopia,0.037,0.04085,0.9057,0.03729,0.04146,0.8994,68.171,72.676,68.712,73.769,110562.0,106756.0
32,switzerland,0.02842,0.03197,0.889,0.02818,0.03206,0.8791,52.567,58.432,52.126,58.592,110987.1,109669.8
