rank,Team,PowerScore,ELO,xG_ELO,xG%_30g,BayesWin_30g,AdjxG%_30g,PP_xGF_30g,Goalie_GSAx
1,brazil,0.9106249999999999,1674.2393689891037,1713.1033201288924,0.5696543585914766,0.6714285714285714,0.5715665051303125,1.0579433333333335,0.2668600000000003
2,thailand,0.8759375,1587.155785466881,1739.4149289989946,0.6107386068172104,0.6142857142857143,0.6191945114602053,1.1707299999999998,-0.1660199999999996
3,china,0.8546874999999999,1627.1923219397233,1656.4960424904518,0.5615058288438787,0.5857142857142857,0.5618744348605006,1.07827,-0.006664999999999921
4,netherlands,0.8090624999999999,1581.0336286998552,1602.1499833210232,0.5424224435850507,0.5857142857142857,0.5468317930108165,1.1408066666666667,0.06859499999999974
5,uk,0.80625,1531.8361981286905,1661.386844540626,0.5657702780943569,0.5,0.5677962804576416,1.3051766666666667,0.31225499999999995
6,pakistan,0.7749999999999999,1623.62812222247,1637.6605103530965,0.5495367135435824,0.5571428571428572,0.5502255496536677,1.0413066666666666,0.04200500000000007
7,new_zealand,0.7631250000000002,1605.15930591798,1514.3529121006989,0.5007665234633001,0.6142857142857143,0.5052841378350316,1.18211,0.5213350000000001
8,peru,0.7009375,1577.104542888787,1588.8504924516415,0.5207619022659259,0.5285714285714286,0.5223523130084713,1.0908633333333335,-0.04801500000000036
9,mexico,0.6774999999999999,1474.3958853764364,1648.0913307099702,0.5539695378766568,0.4714285714285714,0.5571495316561801,1.1639433333333333,-0.2692000000000001
10,serbia,0.670625,1530.137009215367,1572.2840605489112,0.5199912226963471,0.5571428571428572,0.5230267017575048,1.10029,-0.4544999999999999
11,india,0.6481250000000001,1535.3776697850308,1517.8259933538181,0.49600098450039165,0.5571428571428572,0.5001707942460899,1.0139933333333333,0.4376199999999999
12,iceland,0.6221875,1611.922630212155,1433.0732865025827,0.4913499596371065,0.6142857142857143,0.4945179806882043,0.8622533333333333,1.1669599999999998
13,guatemala,0.6115625000000001,1500.7621337053763,1524.6287808194882,0.5208803181762363,0.5,0.5242916782328029,1.0476733333333332,0.06525999999999987
14,morocco,0.5265625,1508.6587693921294,1449.6183467633512,0.4882883600499578,0.6142857142857143,0.49186283539300146,0.8501333333333334,-0.0423300000000002
15,indonesia,0.5196875,1511.9847024727483,1408.6731393609757,0.47903573256214116,0.5571428571428572,0.4885524776680187,1.07487,0.30695499999999987
16,saudi_arabia,0.5190625,1456.5061241052747,1497.928391443877,0.5062106452268255,0.44285714285714284,0.5141824635973382,1.0768066666666667,0.2137199999999999
17,france,0.51,1416.7340045679719,1549.6500262220031,0.5240581027515429,0.38571428571428573,0.5304903094322644,1.3090000000000002,-0.45741999999999994
18,philippines,0.5040625000000001,1496.523197418683,1448.7071598087616,0.4817809373251937,0.44285714285714284,0.4813666640700645,1.0802766666666668,0.38632
19,ethiopia,0.45625000000000004,1571.5923037644864,1414.5524119338202,0.4678470972929302,0.5571428571428572,0.4657662909718489,0.8774633333333334,0.44081000000000037
20,south_korea,0.450625,1456.401287105779,1498.5195003457122,0.5009198584382347,0.5,0.5068235343809189,0.9894133333333334,-0.9193099999999998
21,panama,0.40624999999999994,1447.394975684005,1512.2548224950935,0.48886908178411204,0.4142857142857143,0.4930353405638668,0.9237666666666667,0.07689999999999975
22,oman,0.34531249999999997,1460.5038485080988,1419.0782622061517,0.47172460430031166,0.5,0.4724400375998391,0.9147966666666666,-0.0850300000000006
23,uae,0.30624999999999997,1430.6863500220197,1437.8732739907944,0.45857303039068203,0.44285714285714284,0.46311571111598326,1.07771,-0.41032
24,vietnam,0.3059375,1471.8458073683923,1394.8374856297082,0.47067151685705133,0.4142857142857143,0.4744377027501857,0.9942466666666667,-0.3201550000000002
25,canada,0.30312500000000003,1435.2656643031642,1500.5428417674152,0.47231021373245424,0.38571428571428573,0.4738371017186581,0.95516,-1.36163
26,germany,0.2918750000000001,1429.9415805702165,1425.6998652871384,0.47871623071001146,0.38571428571428573,0.4809674097354511,1.0358733333333334,-0.2645749999999998
27,singapore,0.28281249999999997,1455.613117286054,1379.2844403787042,0.4460212232716551,0.4714285714285714,0.4478902679405162,1.0568366666666666,0.20736000000000043
28,switzerland,0.250625,1475.0051254582625,1389.5032554877478,0.44173875278640745,0.44285714285714284,0.4439475605859245,0.8890266666666666,-0.09453999999999985
29,usa,0.245,1365.690782682158,1383.7483235544228,0.46479484745285893,0.4142857142857143,0.4670660016084804,1.12249,0.13268000000000013
30,rwanda,0.190625,1358.435624601174,1403.8074039044848,0.4669768615323274,0.4714285714285714,0.4708514836434483,0.7884766666666666,-0.15340500000000024
31,kazakhstan,0.1890625,1388.6777631921623,1387.6936619552478,0.4438184759768295,0.35714285714285715,0.44650766811962406,1.0552366666666666,-0.1534200000000001
32,mongolia,0.17125,1402.5943689493638,1288.7089011443954,0.4097896104542193,0.4142857142857143,0.41325369345985546,0.98688,0.12179500000000054
